filename,label_ambiente,label_estado_conservacion,split
casa_0440.jpg,Bano,Bueno,train
casa_0842.jpg,Fachada_exterior,Bueno,train
casa_0492.jpg,Bano,Regular,train
casa_0427.jpg,Bano,Excelente,train
casa_0792.jpg,Jardin,Regular,train
casa_0082.jpg,Sala,Regular,train
casa_0951.jpg,Pasillo,Bueno,train
casa_0481.jpg,Bano,Regular,train
casa_0424.jpg,Bano,Excelente,train
casa_0305.jpg,Dormitorio_secundario,Excelente,train
casa_1069.jpg,Lavanderia,Regular,train
casa_0446.jpg,Bano,Bueno,train
casa_0067.jpg,Sala,Bueno,train
casa_1043.jpg,Lavanderia,Bueno,train
casa_0724.jpg,Jardin,Excelente,train
casa_0821.jpg,Fachada_exterior,Excelente,train
casa_0403.jpg,Bano,Excelente,train
casa_0149.jpg,Cocina,Bueno,train
casa_0737.jpg,Jardin,Bueno,train
casa_0158.jpg,Cocina,Bueno,train
casa_1015.jpg,Lavanderia,Excelente,train
casa_0012.jpg,Sala,Excelente,train
casa_0740.jpg,Jardin,Bueno,train
casa_0338.jpg,Dormitorio_secundario,Bueno,train
casa_0386.jpg,Dormitorio_secundario,Regular,train
casa_1187.jpg,Terraza,Regular,train
casa_0671.jpg,Garage,Regular,train
casa_0921.jpg,Pasillo,Excelente,train
casa_1055.jpg,Lavanderia,Bueno,train
casa_0068.jpg,Sala,Regular,train
casa_0916.jpg,Pasillo,Excelente,train
casa_0033.jpg,Sala,Excelente,train
casa_0443.jpg,Bano,Bueno,train
casa_0694.jpg,Garage,Regular,train
casa_0108.jpg,Cocina,Excelente,train
casa_0873.jpg,Fachada_exterior,Regular,train
casa_1059.jpg,Lavanderia,Bueno,train
casa_0495.jpg,Bano,Regular,train
casa_0240.jpg,Dormitorio_principal,Bueno,train
casa_0813.jpg,Fachada_exterior,Excelente,train
casa_1113.jpg,Terraza,Excelente,train
casa_0633.jpg,Garage,Excelente,train
casa_1165.jpg,Terraza,Bueno,train
casa_1009.jpg,Lavanderia,Excelente,train
casa_0377.jpg,Dormitorio_secundario,Regular,train
casa_0902.jpg,Pasillo,Excelente,train
casa_0838.jpg,Fachada_exterior,Bueno,train
casa_0936.jpg,Pasillo,Bueno,train
casa_0444.jpg,Bano,Bueno,train
casa_0844.jpg,Fachada_exterior,Bueno,train
casa_1045.jpg,Lavanderia,Bueno,train
casa_0642.jpg,Garage,Bueno,train
casa_0673.jpg,Garage,Regular,train
casa_0262.jpg,Dormitorio_principal,Bueno,train
casa_0459.jpg,Bano,Bueno,train
casa_0201.jpg,Dormitorio_principal,Excelente,train
casa_0716.jpg,Jardin,Excelente,train
casa_0122.jpg,Cocina,Excelente,train
casa_0073.jpg,Sala,Regular,train
casa_0799.jpg,Jardin,Regular,train
casa_0654.jpg,Garage,Bueno,train
casa_0784.jpg,Jardin,Regular,train
casa_1050.jpg,Lavanderia,Bueno,train
casa_0555.jpg,Comedor,Bueno,train
casa_0990.jpg,Pasillo,Regular,train
casa_0088.jpg,Sala,Regular,train
casa_1060.jpg,Lavanderia,Bueno,train
casa_0057.jpg,Sala,Bueno,train
casa_0013.jpg,Sala,Excelente,train
casa_0333.jpg,Dormitorio_secundario,Excelente,train
casa_0928.jpg,Pasillo,Excelente,train
casa_0758.jpg,Jardin,Bueno,train
casa_0005.jpg,Sala,Excelente,train
casa_0572.jpg,Comedor,Regular,train
casa_1003.jpg,Lavanderia,Excelente,train
casa_0213.jpg,Dormitorio_principal,Excelente,train
casa_0277.jpg,Dormitorio_principal,Regular,train
casa_0997.jpg,Pasillo,Regular,train
casa_1135.jpg,Terraza,Bueno,train
casa_1032.jpg,Lavanderia,Excelente,train
casa_0484.jpg,Bano,Regular,train
casa_0168.jpg,Cocina,Regular,train
casa_0587.jpg,Comedor,Regular,train
casa_0589.jpg,Comedor,Regular,train
casa_0618.jpg,Garage,Excelente,train
casa_0278.jpg,Dormitorio_principal,Regular,train
casa_1107.jpg,Terraza,Excelente,train
casa_0845.jpg,Fachada_exterior,Bueno,train
casa_0752.jpg,Jardin,Bueno,train
casa_0853.jpg,Fachada_exterior,Bueno,train
casa_0372.jpg,Dormitorio_secundario,Regular,train
casa_0464.jpg,Bano,Bueno,train
casa_0835.jpg,Fachada_exterior,Bueno,train
casa_0605.jpg,Garage,Excelente,train
casa_0299.jpg,Dormitorio_principal,Regular,train
casa_0140.jpg,Cocina,Bueno,train
casa_0730.jpg,Jardin,Excelente,train
casa_0903.jpg,Pasillo,Excelente,train
casa_0727.jpg,Jardin,Excelente,train
casa_1079.jpg,Lavanderia,Regular,train
casa_0859.jpg,Fachada_exterior,Bueno,train
casa_0428.jpg,Bano,Excelente,train
casa_0350.jpg,Dormitorio_secundario,Bueno,train
casa_0405.jpg,Bano,Excelente,train
casa_0942.jpg,Pasillo,Bueno,train
casa_0035.jpg,Sala,Bueno,train
casa_0655.jpg,Garage,Bueno,train
casa_0962.jpg,Pasillo,Bueno,train
casa_0548.jpg,Comedor,Bueno,train
casa_0523.jpg,Comedor,Excelente,train
casa_0638.jpg,Garage,Bueno,train
casa_1163.jpg,Terraza,Bueno,train
casa_0663.jpg,Garage,Bueno,train
casa_0659.jpg,Garage,Bueno,train
casa_0809.jpg,Fachada_exterior,Excelente,train
casa_0300.jpg,Dormitorio_principal,Regular,train
casa_0018.jpg,Sala,Excelente,train
casa_0535.jpg,Comedor,Bueno,train
casa_0648.jpg,Garage,Bueno,train
casa_0897.jpg,Fachada_exterior,Regular,train
casa_0257.jpg,Dormitorio_principal,Bueno,train
casa_0118.jpg,Cocina,Excelente,train
casa_0739.jpg,Jardin,Bueno,train
casa_0050.jpg,Sala,Bueno,train
casa_0892.jpg,Fachada_exterior,Regular,train
casa_0774.jpg,Jardin,Regular,train
casa_0287.jpg,Dormitorio_principal,Regular,train
casa_0917.jpg,Pasillo,Excelente,train
casa_1145.jpg,Terraza,Bueno,train
casa_0496.jpg,Bano,Regular,train
casa_0283.jpg,Dormitorio_principal,Regular,train
casa_1086.jpg,Lavanderia,Regular,train
casa_1085.jpg,Lavanderia,Regular,train
casa_0862.jpg,Fachada_exterior,Bueno,train
casa_0161.jpg,Cocina,Bueno,train
casa_0718.jpg,Jardin,Excelente,train
casa_0384.jpg,Dormitorio_secundario,Regular,train
casa_0402.jpg,Bano,Excelente,train
casa_0315.jpg,Dormitorio_secundario,Excelente,train
casa_0058.jpg,Sala,Bueno,train
casa_0802.jpg,Fachada_exterior,Excelente,train
casa_0247.jpg,Dormitorio_principal,Bueno,train
casa_1154.jpg,Terraza,Bueno,train
casa_0806.jpg,Fachada_exterior,Excelente,train
casa_0927.jpg,Pasillo,Excelente,train
casa_1081.jpg,Lavanderia,Regular,train
casa_0777.jpg,Jardin,Regular,train
casa_0349.jpg,Dormitorio_secundario,Bueno,train
casa_0380.jpg,Dormitorio_secundario,Regular,train
casa_0816.jpg,Fachada_exterior,Excelente,train
casa_0370.jpg,Dormitorio_secundario,Regular,train
casa_0795.jpg,Jardin,Regular,train
casa_0606.jpg,Garage,Excelente,train
casa_0525.jpg,Comedor,Excelente,train
casa_1064.jpg,Lavanderia,Bueno,train
casa_0561.jpg,Comedor,Bueno,train
casa_0321.jpg,Dormitorio_secundario,Excelente,train
casa_0165.jpg,Cocina,Bueno,train
casa_0698.jpg,Garage,Regular,train
casa_0488.jpg,Bano,Regular,train
casa_0656.jpg,Garage,Bueno,train
casa_0093.jpg,Sala,Regular,train
casa_0480.jpg,Bano,Regular,train
casa_0049.jpg,Sala,Bueno,train
casa_0603.jpg,Garage,Excelente,train
casa_0652.jpg,Garage,Bueno,train
casa_0945.jpg,Pasillo,Bueno,train
casa_0391.jpg,Dormitorio_secundario,Regular,train
casa_0669.jpg,Garage,Regular,train
casa_0503.jpg,Comedor,Excelente,train
casa_0381.jpg,Dormitorio_secundario,Regular,train
casa_1017.jpg,Lavanderia,Excelente,train
casa_0890.jpg,Fachada_exterior,Regular,train
casa_0767.jpg,Jardin,Bueno,train
casa_0985.jpg,Pasillo,Regular,train
casa_0023.jpg,Sala,Excelente,train
casa_0532.jpg,Comedor,Excelente,train
casa_0793.jpg,Jardin,Regular,train
casa_0588.jpg,Comedor,Regular,train
casa_1180.jpg,Terraza,Regular,train
casa_0504.jpg,Comedor,Excelente,train
casa_0786.jpg,Jardin,Regular,train
casa_0232.jpg,Dormitorio_principal,Excelente,train
casa_1196.jpg,Terraza,Regular,train
casa_0771.jpg,Jardin,Regular,train
casa_0085.jpg,Sala,Regular,train
casa_0794.jpg,Jardin,Regular,train
casa_0960.jpg,Pasillo,Bueno,train
casa_0172.jpg,Cocina,Regular,train
casa_0846.jpg,Fachada_exterior,Bueno,train
casa_0558.jpg,Comedor,Bueno,train
casa_0105.jpg,Cocina,Excelente,train
casa_0090.jpg,Sala,Regular,train
casa_0516.jpg,Comedor,Excelente,train
casa_0221.jpg,Dormitorio_principal,Excelente,train
casa_0861.jpg,Fachada_exterior,Bueno,train
casa_0604.jpg,Garage,Excelente,train
casa_1109.jpg,Terraza,Excelente,train
casa_0270.jpg,Dormitorio_principal,Regular,train
casa_0047.jpg,Sala,Bueno,train
casa_0695.jpg,Garage,Regular,train
casa_1089.jpg,Lavanderia,Regular,train
casa_0545.jpg,Comedor,Bueno,train
casa_0948.jpg,Pasillo,Bueno,train
casa_1029.jpg,Lavanderia,Excelente,train
casa_0768.jpg,Jardin,Regular,train
casa_0194.jpg,Cocina,Regular,train
casa_1171.jpg,Terraza,Regular,train
casa_0986.jpg,Pasillo,Regular,train
casa_0884.jpg,Fachada_exterior,Regular,train
casa_0069.jpg,Sala,Regular,train
casa_0211.jpg,Dormitorio_principal,Excelente,train
casa_0658.jpg,Garage,Bueno,train
casa_0196.jpg,Cocina,Regular,train
casa_0931.jpg,Pasillo,Excelente,train
casa_1129.jpg,Terraza,Excelente,train
casa_0537.jpg,Comedor,Bueno,train
casa_0215.jpg,Dormitorio_principal,Excelente,train
casa_0407.jpg,Bano,Excelente,train
casa_1115.jpg,Terraza,Excelente,train
casa_1175.jpg,Terraza,Regular,train
casa_0320.jpg,Dormitorio_secundario,Excelente,train
casa_0323.jpg,Dormitorio_secundario,Excelente,train
casa_1065.jpg,Lavanderia,Bueno,train
casa_0586.jpg,Comedor,Regular,train
casa_1075.jpg,Lavanderia,Regular,train
casa_0858.jpg,Fachada_exterior,Bueno,train
casa_0011.jpg,Sala,Excelente,train
casa_0154.jpg,Cocina,Bueno,train
casa_0910.jpg,Pasillo,Excelente,train
casa_0242.jpg,Dormitorio_principal,Bueno,train
casa_0127.jpg,Cocina,Excelente,train
casa_0356.jpg,Dormitorio_secundario,Bueno,train
casa_0382.jpg,Dormitorio_secundario,Regular,train
casa_0899.jpg,Fachada_exterior,Regular,train
casa_0104.jpg,Cocina,Excelente,train
casa_0180.jpg,Cocina,Regular,train
casa_0805.jpg,Fachada_exterior,Excelente,train
casa_0362.jpg,Dormitorio_secundario,Bueno,train
casa_1051.jpg,Lavanderia,Bueno,train
casa_0815.jpg,Fachada_exterior,Excelente,train
casa_0113.jpg,Cocina,Excelente,train
casa_0074.jpg,Sala,Regular,train
casa_0840.jpg,Fachada_exterior,Bueno,train
casa_0646.jpg,Garage,Bueno,train
casa_0919.jpg,Pasillo,Excelente,train
casa_1188.jpg,Terraza,Regular,train
casa_0288.jpg,Dormitorio_principal,Regular,train
casa_0607.jpg,Garage,Excelente,train
casa_0203.jpg,Dormitorio_principal,Excelente,train
casa_0780.jpg,Jardin,Regular,train
casa_0957.jpg,Pasillo,Bueno,train
casa_0019.jpg,Sala,Excelente,train
casa_0264.jpg,Dormitorio_principal,Bueno,train
casa_0619.jpg,Garage,Excelente,train
casa_0615.jpg,Garage,Excelente,train
casa_0301.jpg,Dormitorio_secundario,Excelente,train
casa_0592.jpg,Comedor,Regular,train
casa_0672.jpg,Garage,Regular,train
casa_0963.jpg,Pasillo,Bueno,train
casa_0769.jpg,Jardin,Regular,train
casa_0281.jpg,Dormitorio_principal,Regular,train
casa_0120.jpg,Cocina,Excelente,train
casa_0787.jpg,Jardin,Regular,train
casa_0863.jpg,Fachada_exterior,Bueno,train
casa_0455.jpg,Bano,Bueno,train
casa_0148.jpg,Cocina,Bueno,train
casa_0353.jpg,Dormitorio_secundario,Bueno,train
casa_0017.jpg,Sala,Excelente,train
casa_1047.jpg,Lavanderia,Bueno,train
casa_0756.jpg,Jardin,Bueno,train
casa_1082.jpg,Lavanderia,Regular,train
casa_0879.jpg,Fachada_exterior,Regular,train
casa_0702.jpg,Jardin,Excelente,train
casa_0634.jpg,Garage,Excelente,train
casa_0953.jpg,Pasillo,Bueno,train
casa_1161.jpg,Terraza,Bueno,train
casa_0894.jpg,Fachada_exterior,Regular,train
casa_0081.jpg,Sala,Regular,train
casa_0856.jpg,Fachada_exterior,Bueno,train
casa_0854.jpg,Fachada_exterior,Bueno,train
casa_0977.jpg,Pasillo,Regular,train
casa_0833.jpg,Fachada_exterior,Excelente,train
casa_0051.jpg,Sala,Bueno,train
casa_0031.jpg,Sala,Excelente,train
casa_0371.jpg,Dormitorio_secundario,Regular,train
casa_0456.jpg,Bano,Bueno,train
casa_1092.jpg,Lavanderia,Regular,train
casa_0227.jpg,Dormitorio_principal,Excelente,train
casa_0726.jpg,Jardin,Excelente,train
casa_0462.jpg,Bano,Bueno,train
casa_0975.jpg,Pasillo,Regular,train
casa_0116.jpg,Cocina,Excelente,train
casa_0214.jpg,Dormitorio_principal,Excelente,train
casa_0732.jpg,Jardin,Excelente,train
casa_0943.jpg,Pasillo,Bueno,train
casa_0689.jpg,Garage,Regular,train
casa_0530.jpg,Comedor,Excelente,train
casa_0156.jpg,Cocina,Bueno,train
casa_1038.jpg,Lavanderia,Bueno,train
casa_0077.jpg,Sala,Regular,train
casa_0791.jpg,Jardin,Regular,train
casa_1126.jpg,Terraza,Excelente,train
casa_0296.jpg,Dormitorio_principal,Regular,train
casa_0038.jpg,Sala,Bueno,train
casa_1077.jpg,Lavanderia,Regular,train
casa_0206.jpg,Dormitorio_principal,Excelente,train
casa_0034.jpg,Sala,Excelente,train
casa_0785.jpg,Jardin,Regular,train
casa_0513.jpg,Comedor,Excelente,train
casa_0512.jpg,Comedor,Excelente,train
casa_0027.jpg,Sala,Excelente,train
casa_0483.jpg,Bano,Regular,train
casa_0398.jpg,Dormitorio_secundario,Regular,train
casa_0788.jpg,Jardin,Regular,train
casa_0246.jpg,Dormitorio_principal,Bueno,train
casa_0707.jpg,Jardin,Excelente,train
casa_1024.jpg,Lavanderia,Excelente,train
casa_0667.jpg,Garage,Bueno,train
casa_0847.jpg,Fachada_exterior,Bueno,train
casa_0471.jpg,Bano,Regular,train
casa_0378.jpg,Dormitorio_secundario,Regular,train
casa_0329.jpg,Dormitorio_secundario,Excelente,train
casa_0150.jpg,Cocina,Bueno,train
casa_0364.jpg,Dormitorio_secundario,Bueno,train
casa_0613.jpg,Garage,Excelente,train
casa_1087.jpg,Lavanderia,Regular,train
casa_0141.jpg,Cocina,Bueno,train
casa_1076.jpg,Lavanderia,Regular,train
casa_1139.jpg,Terraza,Bueno,train
casa_0008.jpg,Sala,Excelente,train
casa_0616.jpg,Garage,Excelente,train
casa_0092.jpg,Sala,Regular,train
casa_0185.jpg,Cocina,Regular,train
casa_0117.jpg,Cocina,Excelente,train
casa_0628.jpg,Garage,Excelente,train
casa_1002.jpg,Lavanderia,Excelente,train
casa_0538.jpg,Comedor,Bueno,train
casa_0145.jpg,Cocina,Bueno,train
casa_0868.jpg,Fachada_exterior,Regular,train
casa_0801.jpg,Fachada_exterior,Excelente,train
casa_0302.jpg,Dormitorio_secundario,Excelente,train
casa_0632.jpg,Garage,Excelente,train
casa_0972.jpg,Pasillo,Regular,train
casa_0750.jpg,Jardin,Bueno,train
casa_0701.jpg,Jardin,Excelente,train
casa_1114.jpg,Terraza,Excelente,train
casa_0275.jpg,Dormitorio_principal,Regular,train
casa_0984.jpg,Pasillo,Regular,train
casa_0848.jpg,Fachada_exterior,Bueno,train
casa_0099.jpg,Sala,Regular,train
casa_0463.jpg,Bano,Bueno,train
casa_0709.jpg,Jardin,Excelente,train
casa_0129.jpg,Cocina,Excelente,train
casa_0387.jpg,Dormitorio_secundario,Regular,train
casa_1142.jpg,Terraza,Bueno,train
casa_0233.jpg,Dormitorio_principal,Excelente,train
casa_0623.jpg,Garage,Excelente,train
casa_1120.jpg,Terraza,Excelente,train
casa_0720.jpg,Jardin,Excelente,train
casa_1073.jpg,Lavanderia,Regular,train
casa_0177.jpg,Cocina,Regular,train
casa_0751.jpg,Jardin,Bueno,train
casa_0912.jpg,Pasillo,Excelente,train
casa_0511.jpg,Comedor,Excelente,train
casa_0814.jpg,Fachada_exterior,Excelente,train
casa_0298.jpg,Dormitorio_principal,Regular,train
casa_0725.jpg,Jardin,Excelente,train
casa_0514.jpg,Comedor,Excelente,train
casa_0429.jpg,Bano,Excelente,train
casa_0355.jpg,Dormitorio_secundario,Bueno,train
casa_0208.jpg,Dormitorio_principal,Excelente,train
casa_0114.jpg,Cocina,Excelente,train
casa_0643.jpg,Garage,Bueno,train
casa_0641.jpg,Garage,Bueno,train
casa_0839.jpg,Fachada_exterior,Bueno,train
casa_0905.jpg,Pasillo,Excelente,train
casa_0252.jpg,Dormitorio_principal,Bueno,train
casa_0365.jpg,Dormitorio_secundario,Bueno,train
casa_1067.jpg,Lavanderia,Bueno,train
casa_1022.jpg,Lavanderia,Excelente,train
casa_0475.jpg,Bano,Regular,train
casa_0388.jpg,Dormitorio_secundario,Regular,train
casa_1132.jpg,Terraza,Excelente,train
casa_0715.jpg,Jardin,Excelente,train
casa_0819.jpg,Fachada_exterior,Excelente,train
casa_0369.jpg,Dormitorio_secundario,Regular,train
casa_0124.jpg,Cocina,Excelente,train
casa_1034.jpg,Lavanderia,Excelente,train
casa_0098.jpg,Sala,Regular,train
casa_0265.jpg,Dormitorio_principal,Bueno,train
casa_0843.jpg,Fachada_exterior,Bueno,train
casa_0529.jpg,Comedor,Excelente,train
casa_1012.jpg,Lavanderia,Excelente,train
casa_0731.jpg,Jardin,Excelente,train
casa_0563.jpg,Comedor,Bueno,train
casa_0976.jpg,Pasillo,Regular,train
casa_1103.jpg,Terraza,Excelente,train
casa_0133.jpg,Cocina,Excelente,train
casa_0763.jpg,Jardin,Bueno,train
casa_0109.jpg,Cocina,Excelente,train
casa_0629.jpg,Garage,Excelente,train
casa_1183.jpg,Terraza,Regular,train
casa_0764.jpg,Jardin,Bueno,train
casa_0608.jpg,Garage,Excelente,train
casa_1031.jpg,Lavanderia,Excelente,train
casa_0173.jpg,Cocina,Regular,train
casa_0706.jpg,Jardin,Excelente,train
casa_0510.jpg,Comedor,Excelente,train
casa_1108.jpg,Terraza,Excelente,train
casa_0849.jpg,Fachada_exterior,Bueno,train
casa_0238.jpg,Dormitorio_principal,Bueno,train
casa_0385.jpg,Dormitorio_secundario,Regular,train
casa_1061.jpg,Lavanderia,Bueno,train
casa_1181.jpg,Terraza,Regular,train
casa_1151.jpg,Terraza,Bueno,train
casa_0045.jpg,Sala,Bueno,train
casa_0126.jpg,Cocina,Excelente,train
casa_0800.jpg,Jardin,Regular,train
casa_0832.jpg,Fachada_exterior,Excelente,train
casa_0995.jpg,Pasillo,Regular,train
casa_0375.jpg,Dormitorio_secundario,Regular,train
casa_0762.jpg,Jardin,Bueno,train
casa_0224.jpg,Dormitorio_principal,Excelente,train
casa_0505.jpg,Comedor,Excelente,train
casa_1039.jpg,Lavanderia,Bueno,train
casa_0397.jpg,Dormitorio_secundario,Regular,train
casa_0276.jpg,Dormitorio_principal,Regular,train
casa_0895.jpg,Fachada_exterior,Regular,train
casa_1144.jpg,Terraza,Bueno,train
casa_0541.jpg,Comedor,Bueno,train
casa_1140.jpg,Terraza,Bueno,train
casa_0722.jpg,Jardin,Excelente,train
casa_0376.jpg,Dormitorio_secundario,Regular,train
casa_0091.jpg,Sala,Regular,train
casa_0922.jpg,Pasillo,Excelente,train
casa_0079.jpg,Sala,Regular,train
casa_1174.jpg,Terraza,Regular,train
casa_0236.jpg,Dormitorio_principal,Bueno,train
casa_0578.jpg,Comedor,Regular,train
casa_0326.jpg,Dormitorio_secundario,Excelente,train
casa_0186.jpg,Cocina,Regular,train
casa_0222.jpg,Dormitorio_principal,Excelente,train
casa_1184.jpg,Terraza,Regular,train
casa_0640.jpg,Garage,Bueno,train
casa_0757.jpg,Jardin,Bueno,train
casa_0666.jpg,Garage,Bueno,train
casa_0435.jpg,Bano,Bueno,train
casa_0797.jpg,Jardin,Regular,train
casa_0175.jpg,Cocina,Regular,train
casa_0332.jpg,Dormitorio_secundario,Excelente,train
casa_0260.jpg,Dormitorio_principal,Bueno,train
casa_0036.jpg,Sala,Bueno,train
casa_1167.jpg,Terraza,Bueno,train
casa_0576.jpg,Comedor,Regular,train
casa_0580.jpg,Comedor,Regular,train
casa_0273.jpg,Dormitorio_principal,Regular,train
casa_0178.jpg,Cocina,Regular,train
casa_0022.jpg,Sala,Excelente,train
casa_0401.jpg,Bano,Excelente,train
casa_0290.jpg,Dormitorio_principal,Regular,train
casa_1070.jpg,Lavanderia,Regular,train
casa_1189.jpg,Terraza,Regular,train
casa_0682.jpg,Garage,Regular,train
casa_0871.jpg,Fachada_exterior,Regular,train
casa_1134.jpg,Terraza,Excelente,train
casa_0625.jpg,Garage,Excelente,train
casa_0893.jpg,Fachada_exterior,Regular,train
casa_0396.jpg,Dormitorio_secundario,Regular,train
casa_0357.jpg,Dormitorio_secundario,Bueno,train
casa_0812.jpg,Fachada_exterior,Excelente,train
casa_0617.jpg,Garage,Excelente,train
casa_0691.jpg,Garage,Regular,train
casa_1072.jpg,Lavanderia,Regular,train
casa_0932.jpg,Pasillo,Excelente,train
casa_0923.jpg,Pasillo,Excelente,train
casa_0039.jpg,Sala,Bueno,train
casa_0102.jpg,Cocina,Excelente,train
casa_1157.jpg,Terraza,Bueno,train
casa_0644.jpg,Garage,Bueno,train
casa_0193.jpg,Cocina,Regular,train
casa_0465.jpg,Bano,Bueno,train
casa_0347.jpg,Dormitorio_secundario,Bueno,train
casa_0295.jpg,Dormitorio_principal,Regular,train
casa_0490.jpg,Bano,Regular,train
casa_0614.jpg,Garage,Excelente,train
casa_1176.jpg,Terraza,Regular,train
casa_0297.jpg,Dormitorio_principal,Regular,train
casa_0993.jpg,Pasillo,Regular,train
casa_0826.jpg,Fachada_exterior,Excelente,train
casa_0526.jpg,Comedor,Excelente,train
casa_0420.jpg,Bano,Excelente,train
casa_0560.jpg,Comedor,Bueno,train
casa_0509.jpg,Comedor,Excelente,train
casa_0368.jpg,Dormitorio_secundario,Regular,train
casa_0383.jpg,Dormitorio_secundario,Regular,train
casa_1057.jpg,Lavanderia,Bueno,train
casa_0926.jpg,Pasillo,Excelente,train
casa_0311.jpg,Dormitorio_secundario,Excelente,train
casa_1048.jpg,Lavanderia,Bueno,train
casa_0189.jpg,Cocina,Regular,train
casa_0582.jpg,Comedor,Regular,train
casa_1036.jpg,Lavanderia,Bueno,train
casa_0729.jpg,Jardin,Excelente,train
casa_0239.jpg,Dormitorio_principal,Bueno,train
casa_0717.jpg,Jardin,Excelente,train
casa_0486.jpg,Bano,Regular,train
casa_0824.jpg,Fachada_exterior,Excelente,train
casa_0906.jpg,Pasillo,Excelente,train
casa_0343.jpg,Dormitorio_secundario,Bueno,train
casa_1042.jpg,Lavanderia,Bueno,train
casa_0130.jpg,Cocina,Excelente,train
casa_0596.jpg,Comedor,Regular,train
casa_0581.jpg,Comedor,Regular,train
casa_0992.jpg,Pasillo,Regular,train
casa_0745.jpg,Jardin,Bueno,train
casa_0600.jpg,Comedor,Regular,train
casa_0032.jpg,Sala,Excelente,train
casa_0042.jpg,Sala,Bueno,train
casa_0852.jpg,Fachada_exterior,Bueno,train
casa_1062.jpg,Lavanderia,Bueno,train
casa_0743.jpg,Jardin,Bueno,train
casa_0054.jpg,Sala,Bueno,train
casa_0020.jpg,Sala,Excelente,train
casa_0994.jpg,Pasillo,Regular,train
casa_0887.jpg,Fachada_exterior,Regular,train
casa_0259.jpg,Dormitorio_principal,Bueno,train
casa_0432.jpg,Bano,Excelente,train
casa_0285.jpg,Dormitorio_principal,Regular,train
casa_0882.jpg,Fachada_exterior,Regular,train
casa_0346.jpg,Dormitorio_secundario,Bueno,train
casa_0685.jpg,Garage,Regular,train
casa_0935.jpg,Pasillo,Bueno,train
casa_0217.jpg,Dormitorio_principal,Excelente,train
casa_0336.jpg,Dormitorio_secundario,Bueno,train
casa_0738.jpg,Jardin,Bueno,train
casa_0267.jpg,Dormitorio_principal,Bueno,train
casa_0823.jpg,Fachada_exterior,Excelente,train
casa_1159.jpg,Terraza,Bueno,train
casa_0473.jpg,Bano,Regular,train
casa_1027.jpg,Lavanderia,Excelente,train
casa_0439.jpg,Bano,Bueno,train
casa_0086.jpg,Sala,Regular,train
casa_0546.jpg,Comedor,Bueno,train
casa_0404.jpg,Bano,Excelente,train
casa_0028.jpg,Sala,Excelente,train
casa_0679.jpg,Garage,Regular,train
casa_1054.jpg,Lavanderia,Bueno,train
casa_0170.jpg,Cocina,Regular,train
casa_0415.jpg,Bano,Excelente,train
casa_0345.jpg,Dormitorio_secundario,Bueno,train
casa_0569.jpg,Comedor,Regular,train
casa_0030.jpg,Sala,Excelente,train
casa_0955.jpg,Pasillo,Bueno,train
casa_0703.jpg,Jardin,Excelente,train
casa_0280.jpg,Dormitorio_principal,Regular,train
casa_0624.jpg,Garage,Excelente,train
casa_0500.jpg,Bano,Regular,train
casa_0226.jpg,Dormitorio_principal,Excelente,train
casa_0700.jpg,Garage,Regular,train
casa_0969.jpg,Pasillo,Regular,train
casa_0939.jpg,Pasillo,Bueno,train
casa_0306.jpg,Dormitorio_secundario,Excelente,train
casa_0361.jpg,Dormitorio_secundario,Bueno,train
casa_1078.jpg,Lavanderia,Regular,train
casa_0911.jpg,Pasillo,Excelente,train
casa_0390.jpg,Dormitorio_secundario,Regular,train
casa_0021.jpg,Sala,Excelente,train
casa_0399.jpg,Dormitorio_secundario,Regular,train
casa_1025.jpg,Lavanderia,Excelente,train
casa_0212.jpg,Dormitorio_principal,Excelente,train
casa_0064.jpg,Sala,Bueno,train
casa_0426.jpg,Bano,Excelente,train
casa_0478.jpg,Bano,Regular,train
casa_0918.jpg,Pasillo,Excelente,train
casa_1185.jpg,Terraza,Regular,train
casa_0418.jpg,Bano,Excelente,train
casa_0810.jpg,Fachada_exterior,Excelente,train
casa_1123.jpg,Terraza,Excelente,train
casa_1018.jpg,Lavanderia,Excelente,train
casa_0157.jpg,Cocina,Bueno,train
casa_0393.jpg,Dormitorio_secundario,Regular,train
casa_0237.jpg,Dormitorio_principal,Bueno,train
casa_0155.jpg,Cocina,Bueno,train
casa_1053.jpg,Lavanderia,Bueno,train
casa_1013.jpg,Lavanderia,Excelente,train
casa_1090.jpg,Lavanderia,Regular,train
casa_1095.jpg,Lavanderia,Regular,train
casa_0651.jpg,Garage,Bueno,train
casa_0825.jpg,Fachada_exterior,Excelente,train
casa_1122.jpg,Terraza,Excelente,train
casa_0934.jpg,Pasillo,Excelente,train
casa_0080.jpg,Sala,Regular,train
casa_0451.jpg,Bano,Bueno,train
casa_0282.jpg,Dormitorio_principal,Regular,train
casa_0875.jpg,Fachada_exterior,Regular,train
casa_0497.jpg,Bano,Regular,train
casa_0534.jpg,Comedor,Excelente,train
casa_0808.jpg,Fachada_exterior,Excelente,train
casa_0254.jpg,Dormitorio_principal,Bueno,train
casa_0266.jpg,Dormitorio_principal,Bueno,train
casa_1037.jpg,Lavanderia,Bueno,train
casa_1041.jpg,Lavanderia,Bueno,train
casa_0163.jpg,Cocina,Bueno,train
casa_0457.jpg,Bano,Bueno,train
casa_0841.jpg,Fachada_exterior,Bueno,train
casa_0437.jpg,Bano,Bueno,train
casa_0517.jpg,Comedor,Excelente,train
casa_0967.jpg,Pasillo,Bueno,train
casa_0325.jpg,Dormitorio_secundario,Excelente,train
casa_0900.jpg,Fachada_exterior,Regular,train
casa_0573.jpg,Comedor,Regular,train
casa_0908.jpg,Pasillo,Excelente,train
casa_0711.jpg,Jardin,Excelente,train
casa_0137.jpg,Cocina,Bueno,train
casa_0468.jpg,Bano,Regular,train
casa_0125.jpg,Cocina,Excelente,train
casa_0773.jpg,Jardin,Regular,train
casa_0571.jpg,Comedor,Regular,train
casa_0913.jpg,Pasillo,Excelente,train
casa_0476.jpg,Bano,Regular,train
casa_0531.jpg,Comedor,Excelente,train
casa_0181.jpg,Cocina,Regular,train
casa_1097.jpg,Lavanderia,Regular,train
casa_1116.jpg,Terraza,Excelente,train
casa_0829.jpg,Fachada_exterior,Excelente,train
casa_0006.jpg,Sala,Excelente,train
casa_0783.jpg,Jardin,Regular,train
casa_0250.jpg,Dormitorio_principal,Bueno,train
casa_1138.jpg,Terraza,Bueno,train
casa_0507.jpg,Comedor,Excelente,train
casa_1152.jpg,Terraza,Bueno,train
casa_0200.jpg,Cocina,Regular,train
casa_0590.jpg,Comedor,Regular,train
casa_0425.jpg,Bano,Excelente,train
casa_1149.jpg,Terraza,Bueno,train
casa_1133.jpg,Terraza,Excelente,train
casa_0626.jpg,Garage,Excelente,train
casa_0487.jpg,Bano,Regular,train
casa_0851.jpg,Fachada_exterior,Bueno,train
casa_0048.jpg,Sala,Bueno,train
casa_0966.jpg,Pasillo,Bueno,train
casa_0151.jpg,Cocina,Bueno,train
casa_0204.jpg,Dormitorio_principal,Excelente,train
casa_0231.jpg,Dormitorio_principal,Excelente,train
casa_0318.jpg,Dormitorio_secundario,Excelente,train
casa_0970.jpg,Pasillo,Regular,train
casa_0956.jpg,Pasillo,Bueno,train
casa_0344.jpg,Dormitorio_secundario,Bueno,train
casa_0888.jpg,Fachada_exterior,Regular,train
casa_0649.jpg,Garage,Bueno,train
casa_0528.jpg,Comedor,Excelente,train
casa_0291.jpg,Dormitorio_principal,Regular,train
casa_0087.jpg,Sala,Regular,train
casa_0174.jpg,Cocina,Regular,train
casa_1007.jpg,Lavanderia,Excelente,train
casa_0710.jpg,Jardin,Excelente,train
casa_1014.jpg,Lavanderia,Excelente,train
casa_0660.jpg,Garage,Bueno,train
casa_0798.jpg,Jardin,Regular,train
casa_1146.jpg,Terraza,Bueno,train
casa_0330.jpg,Dormitorio_secundario,Excelente,train
casa_0622.jpg,Garage,Excelente,train
casa_1178.jpg,Terraza,Regular,train
casa_1091.jpg,Lavanderia,Regular,train
casa_0775.jpg,Jardin,Regular,train
casa_0294.jpg,Dormitorio_principal,Regular,train
casa_0312.jpg,Dormitorio_secundario,Excelente,train
casa_0001.jpg,Sala,Excelente,train
casa_0562.jpg,Comedor,Bueno,train
casa_0416.jpg,Bano,Excelente,train
casa_0309.jpg,Dormitorio_secundario,Excelente,train
casa_0583.jpg,Comedor,Regular,train
casa_0631.jpg,Garage,Excelente,train
casa_1192.jpg,Terraza,Regular,train
casa_1160.jpg,Terraza,Bueno,train
casa_0431.jpg,Bano,Excelente,train
casa_0980.jpg,Pasillo,Regular,train
casa_0781.jpg,Jardin,Regular,train
casa_0836.jpg,Fachada_exterior,Bueno,train
casa_0303.jpg,Dormitorio_secundario,Excelente,train
casa_0987.jpg,Pasillo,Regular,train
casa_1155.jpg,Terraza,Bueno,train
casa_0419.jpg,Bano,Excelente,train
casa_0954.jpg,Pasillo,Bueno,train
casa_0317.jpg,Dormitorio_secundario,Excelente,train
casa_0520.jpg,Comedor,Excelente,train
casa_0869.jpg,Fachada_exterior,Regular,train
casa_0128.jpg,Cocina,Excelente,train
casa_0834.jpg,Fachada_exterior,Excelente,train
casa_0713.jpg,Jardin,Excelente,train
casa_1101.jpg,Terraza,Excelente,train
casa_1049.jpg,Lavanderia,Bueno,train
casa_0681.jpg,Garage,Regular,train
casa_0733.jpg,Jardin,Excelente,train
casa_1000.jpg,Pasillo,Regular,train
casa_0373.jpg,Dormitorio_secundario,Regular,train
casa_0202.jpg,Dormitorio_principal,Excelente,train
casa_0687.jpg,Garage,Regular,train
casa_0552.jpg,Comedor,Bueno,train
casa_0533.jpg,Comedor,Excelente,train
casa_1066.jpg,Lavanderia,Bueno,train
casa_0712.jpg,Jardin,Excelente,train
casa_0807.jpg,Fachada_exterior,Excelente,train
casa_0261.jpg,Dormitorio_principal,Bueno,train
casa_0924.jpg,Pasillo,Excelente,train
casa_1100.jpg,Lavanderia,Regular,train
casa_0395.jpg,Dormitorio_secundario,Regular,train
casa_0796.jpg,Jardin,Regular,train
casa_0524.jpg,Comedor,Excelente,train
casa_0621.jpg,Garage,Excelente,train
casa_0447.jpg,Bano,Bueno,train
casa_0876.jpg,Fachada_exterior,Regular,train
casa_0354.jpg,Dormitorio_secundario,Bueno,train
casa_0445.jpg,Bano,Bueno,train
casa_0611.jpg,Garage,Excelente,train
casa_0982.jpg,Pasillo,Regular,train
casa_1141.jpg,Terraza,Bueno,train
casa_0855.jpg,Fachada_exterior,Bueno,train
casa_0595.jpg,Comedor,Regular,train
casa_0183.jpg,Cocina,Regular,train
casa_0880.jpg,Fachada_exterior,Regular,train
casa_0830.jpg,Fachada_exterior,Excelente,train
casa_0029.jpg,Sala,Excelente,train
casa_0340.jpg,Dormitorio_secundario,Bueno,train
casa_0978.jpg,Pasillo,Regular,train
casa_0696.jpg,Garage,Regular,train
casa_0410.jpg,Bano,Excelente,train
casa_0522.jpg,Comedor,Excelente,train
casa_0657.jpg,Garage,Bueno,train
casa_0360.jpg,Dormitorio_secundario,Bueno,train
casa_0964.jpg,Pasillo,Bueno,train
casa_0072.jpg,Sala,Regular,train
casa_0973.jpg,Pasillo,Regular,train
casa_0337.jpg,Dormitorio_secundario,Bueno,train
casa_0409.jpg,Bano,Excelente,train
casa_0198.jpg,Cocina,Regular,train
casa_0676.jpg,Garage,Regular,train
casa_0025.jpg,Sala,Excelente,train
casa_1083.jpg,Lavanderia,Regular,train
casa_0234.jpg,Dormitorio_principal,Excelente,train
casa_0313.jpg,Dormitorio_secundario,Excelente,train
casa_0359.jpg,Dormitorio_secundario,Bueno,train
casa_1033.jpg,Lavanderia,Excelente,train
casa_0205.jpg,Dormitorio_principal,Excelente,train
casa_0228.jpg,Dormitorio_principal,Excelente,train
casa_0482.jpg,Bano,Regular,train
casa_1063.jpg,Lavanderia,Bueno,train
casa_0392.jpg,Dormitorio_secundario,Regular,train
casa_0111.jpg,Cocina,Excelente,train
casa_0719.jpg,Jardin,Excelente,train
casa_1147.jpg,Terraza,Bueno,train
casa_0274.jpg,Dormitorio_principal,Regular,train
casa_0981.jpg,Pasillo,Regular,train
casa_0753.jpg,Jardin,Bueno,train
casa_1106.jpg,Terraza,Excelente,train
casa_0422.jpg,Bano,Excelente,train
casa_0341.jpg,Dormitorio_secundario,Bueno,train
casa_0755.jpg,Jardin,Bueno,train
casa_0184.jpg,Cocina,Regular,train
casa_0026.jpg,Sala,Excelente,train
casa_0423.jpg,Bano,Excelente,train
casa_0182.jpg,Cocina,Regular,train
casa_0167.jpg,Cocina,Bueno,train
casa_0952.jpg,Pasillo,Bueno,train
casa_0944.jpg,Pasillo,Bueno,train
casa_0636.jpg,Garage,Bueno,train
casa_0950.jpg,Pasillo,Bueno,train
casa_0574.jpg,Comedor,Regular,train
casa_0999.jpg,Pasillo,Regular,train
casa_0106.jpg,Cocina,Excelente,train
casa_0683.jpg,Garage,Regular,train
casa_0971.jpg,Pasillo,Regular,train
casa_0699.jpg,Garage,Regular,train
casa_1121.jpg,Terraza,Excelente,train
casa_0367.jpg,Dormitorio_secundario,Bueno,train
casa_0889.jpg,Fachada_exterior,Regular,train
casa_0374.jpg,Dormitorio_secundario,Regular,train
casa_0316.jpg,Dormitorio_secundario,Excelente,train
casa_0043.jpg,Sala,Bueno,train
casa_1093.jpg,Lavanderia,Regular,train
casa_1170.jpg,Terraza,Regular,train
casa_0152.jpg,Cocina,Bueno,train
casa_0566.jpg,Comedor,Bueno,train
casa_0597.jpg,Comedor,Regular,train
casa_0850.jpg,Fachada_exterior,Bueno,train
casa_0037.jpg,Sala,Bueno,train
casa_0559.jpg,Comedor,Bueno,train
casa_0153.jpg,Cocina,Bueno,train
casa_0708.jpg,Jardin,Excelente,train
casa_0968.jpg,Pasillo,Regular,train
casa_1125.jpg,Terraza,Excelente,train
casa_0864.jpg,Fachada_exterior,Bueno,train
casa_0575.jpg,Comedor,Regular,train
casa_0438.jpg,Bano,Bueno,train
casa_0723.jpg,Jardin,Excelente,train
casa_0565.jpg,Comedor,Bueno,train
casa_0453.jpg,Bano,Bueno,train
casa_0760.jpg,Jardin,Bueno,train
casa_0166.jpg,Cocina,Bueno,train
casa_0269.jpg,Dormitorio_principal,Regular,train
casa_0653.jpg,Garage,Bueno,train
casa_0134.jpg,Cocina,Excelente,train
casa_0790.jpg,Jardin,Regular,train
casa_0342.jpg,Dormitorio_secundario,Bueno,train
casa_0004.jpg,Sala,Excelente,train
casa_0046.jpg,Sala,Bueno,train
casa_1102.jpg,Terraza,Excelente,train
casa_0933.jpg,Pasillo,Excelente,train
casa_0817.jpg,Fachada_exterior,Excelente,train
casa_0095.jpg,Sala,Regular,train
casa_0053.jpg,Sala,Bueno,train
casa_1052.jpg,Lavanderia,Bueno,train
casa_0501.jpg,Comedor,Excelente,train
casa_0518.jpg,Comedor,Excelente,train
casa_0831.jpg,Fachada_exterior,Excelente,train
casa_0650.jpg,Garage,Bueno,train
casa_0704.jpg,Jardin,Excelente,train
casa_0209.jpg,Dormitorio_principal,Excelente,train
casa_0352.jpg,Dormitorio_secundario,Bueno,train
casa_0735.jpg,Jardin,Bueno,train
casa_0216.jpg,Dormitorio_principal,Excelente,train
casa_0620.jpg,Garage,Excelente,train
casa_0289.jpg,Dormitorio_principal,Regular,train
casa_0279.jpg,Dormitorio_principal,Regular,train
casa_0160.jpg,Cocina,Bueno,train
casa_0567.jpg,Comedor,Bueno,train
casa_0761.jpg,Jardin,Bueno,train
casa_0110.jpg,Cocina,Excelente,train
casa_1058.jpg,Lavanderia,Bueno,train
casa_0271.jpg,Dormitorio_principal,Regular,train
casa_0138.jpg,Cocina,Bueno,train
casa_0107.jpg,Cocina,Excelente,train
casa_0680.jpg,Garage,Regular,train
casa_0307.jpg,Dormitorio_secundario,Excelente,train
casa_0568.jpg,Comedor,Regular,train
casa_0837.jpg,Fachada_exterior,Bueno,train
casa_0684.jpg,Garage,Regular,train
casa_0009.jpg,Sala,Excelente,train
casa_1162.jpg,Terraza,Bueno,train
casa_0991.jpg,Pasillo,Regular,val
casa_1006.jpg,Lavanderia,Excelente,val
casa_0627.jpg,Garage,Excelente,val
casa_0310.jpg,Dormitorio_secundario,Excelente,val
casa_0721.jpg,Jardin,Excelente,val
casa_0557.jpg,Comedor,Bueno,val
casa_0449.jpg,Bano,Bueno,val
casa_0907.jpg,Pasillo,Excelente,val
casa_0292.jpg,Dormitorio_principal,Regular,val
casa_0379.jpg,Dormitorio_secundario,Regular,val
casa_0251.jpg,Dormitorio_principal,Bueno,val
casa_0901.jpg,Pasillo,Excelente,val
casa_0358.jpg,Dormitorio_secundario,Bueno,val
casa_1016.jpg,Lavanderia,Excelente,val
casa_0909.jpg,Pasillo,Excelente,val
casa_0519.jpg,Comedor,Excelente,val
casa_1130.jpg,Terraza,Excelente,val
casa_0551.jpg,Comedor,Bueno,val
casa_0076.jpg,Sala,Regular,val
casa_0103.jpg,Cocina,Excelente,val
casa_0577.jpg,Comedor,Regular,val
casa_0637.jpg,Garage,Bueno,val
casa_1124.jpg,Terraza,Excelente,val
casa_0010.jpg,Sala,Excelente,val
casa_0075.jpg,Sala,Regular,val
casa_0770.jpg,Jardin,Regular,val
casa_0881.jpg,Fachada_exterior,Regular,val
casa_1028.jpg,Lavanderia,Excelente,val
casa_0308.jpg,Dormitorio_secundario,Excelente,val
casa_0661.jpg,Garage,Bueno,val
casa_0688.jpg,Garage,Regular,val
casa_0135.jpg,Cocina,Bueno,val
casa_0406.jpg,Bano,Excelente,val
casa_0938.jpg,Pasillo,Bueno,val
casa_0245.jpg,Dormitorio_principal,Bueno,val
casa_0915.jpg,Pasillo,Excelente,val
casa_0734.jpg,Jardin,Excelente,val
casa_1020.jpg,Lavanderia,Excelente,val
casa_1168.jpg,Terraza,Regular,val
casa_0268.jpg,Dormitorio_principal,Regular,val
casa_1080.jpg,Lavanderia,Regular,val
casa_0536.jpg,Comedor,Bueno,val
casa_0579.jpg,Comedor,Regular,val
casa_0598.jpg,Comedor,Regular,val
casa_0674.jpg,Garage,Regular,val
casa_1137.jpg,Terraza,Bueno,val
casa_0084.jpg,Sala,Regular,val
casa_0635.jpg,Garage,Bueno,val
casa_0041.jpg,Sala,Bueno,val
casa_0609.jpg,Garage,Excelente,val
casa_1148.jpg,Terraza,Bueno,val
casa_0253.jpg,Dormitorio_principal,Bueno,val
casa_0584.jpg,Comedor,Regular,val
casa_0123.jpg,Cocina,Excelente,val
casa_0414.jpg,Bano,Excelente,val
casa_0241.jpg,Dormitorio_principal,Bueno,val
casa_0965.jpg,Pasillo,Bueno,val
casa_0692.jpg,Garage,Regular,val
casa_0070.jpg,Sala,Regular,val
casa_0610.jpg,Garage,Excelente,val
casa_0071.jpg,Sala,Regular,val
casa_0191.jpg,Cocina,Regular,val
casa_0872.jpg,Fachada_exterior,Regular,val
casa_0083.jpg,Sala,Regular,val
casa_0521.jpg,Comedor,Excelente,val
casa_0914.jpg,Pasillo,Excelente,val
casa_1056.jpg,Lavanderia,Bueno,val
casa_0544.jpg,Comedor,Bueno,val
casa_0874.jpg,Fachada_exterior,Regular,val
casa_1088.jpg,Lavanderia,Regular,val
casa_0489.jpg,Bano,Regular,val
casa_0599.jpg,Comedor,Regular,val
casa_0961.jpg,Pasillo,Bueno,val
casa_0059.jpg,Sala,Bueno,val
casa_0322.jpg,Dormitorio_secundario,Excelente,val
casa_1068.jpg,Lavanderia,Regular,val
casa_0988.jpg,Pasillo,Regular,val
casa_0556.jpg,Comedor,Bueno,val
casa_0754.jpg,Jardin,Bueno,val
casa_0594.jpg,Comedor,Regular,val
casa_0060.jpg,Sala,Bueno,val
casa_0223.jpg,Dormitorio_principal,Excelente,val
casa_0304.jpg,Dormitorio_secundario,Excelente,val
casa_0979.jpg,Pasillo,Regular,val
casa_0159.jpg,Cocina,Bueno,val
casa_0499.jpg,Bano,Regular,val
casa_1164.jpg,Terraza,Bueno,val
casa_0678.jpg,Garage,Regular,val
casa_1143.jpg,Terraza,Bueno,val
casa_0937.jpg,Pasillo,Bueno,val
casa_0749.jpg,Jardin,Bueno,val
casa_0714.jpg,Jardin,Excelente,val
casa_0998.jpg,Pasillo,Regular,val
casa_1112.jpg,Terraza,Excelente,val
casa_0466.jpg,Bano,Bueno,val
casa_1008.jpg,Lavanderia,Excelente,val
casa_0803.jpg,Fachada_exterior,Excelente,val
casa_0272.jpg,Dormitorio_principal,Regular,val
casa_0400.jpg,Dormitorio_secundario,Regular,val
casa_0003.jpg,Sala,Excelente,val
casa_0389.jpg,Dormitorio_secundario,Regular,val
casa_0169.jpg,Cocina,Regular,val
casa_0061.jpg,Sala,Bueno,val
casa_1071.jpg,Lavanderia,Regular,val
casa_0411.jpg,Bano,Excelente,val
casa_0886.jpg,Fachada_exterior,Regular,val
casa_0219.jpg,Dormitorio_principal,Excelente,val
casa_0493.jpg,Bano,Regular,val
casa_1019.jpg,Lavanderia,Excelente,val
casa_1005.jpg,Lavanderia,Excelente,val
casa_0171.jpg,Cocina,Regular,val
casa_0243.jpg,Dormitorio_principal,Bueno,val
casa_0870.jpg,Fachada_exterior,Regular,val
casa_0772.jpg,Jardin,Regular,val
casa_0949.jpg,Pasillo,Bueno,val
casa_0096.jpg,Sala,Regular,val
casa_0016.jpg,Sala,Excelente,val
casa_0857.jpg,Fachada_exterior,Bueno,val
casa_0554.jpg,Comedor,Bueno,val
casa_0668.jpg,Garage,Regular,val
casa_1199.jpg,Terraza,Regular,val
casa_0989.jpg,Pasillo,Regular,val
casa_1198.jpg,Terraza,Regular,val
casa_0877.jpg,Fachada_exterior,Regular,val
casa_0983.jpg,Pasillo,Regular,val
casa_0828.jpg,Fachada_exterior,Excelente,val
casa_0454.jpg,Bano,Bueno,val
casa_0078.jpg,Sala,Regular,val
casa_0946.jpg,Pasillo,Bueno,val
casa_0896.jpg,Fachada_exterior,Regular,val
casa_1158.jpg,Terraza,Bueno,val
casa_0474.jpg,Bano,Regular,val
casa_1021.jpg,Lavanderia,Excelente,val
casa_0188.jpg,Cocina,Regular,val
casa_1118.jpg,Terraza,Excelente,val
casa_0144.jpg,Cocina,Bueno,val
casa_0460.jpg,Bano,Bueno,val
casa_0550.jpg,Comedor,Bueno,val
casa_1004.jpg,Lavanderia,Excelente,val
casa_0197.jpg,Cocina,Regular,val
casa_0255.jpg,Dormitorio_principal,Bueno,val
casa_0112.jpg,Cocina,Excelente,val
casa_0883.jpg,Fachada_exterior,Regular,val
casa_0820.jpg,Fachada_exterior,Excelente,val
casa_0348.jpg,Dormitorio_secundario,Bueno,val
casa_0746.jpg,Jardin,Bueno,val
casa_0413.jpg,Bano,Excelente,val
casa_0063.jpg,Sala,Bueno,val
casa_0101.jpg,Cocina,Excelente,val
casa_0662.jpg,Garage,Bueno,val
casa_0670.jpg,Garage,Regular,val
casa_1169.jpg,Terraza,Regular,val
casa_0056.jpg,Sala,Bueno,val
casa_0747.jpg,Jardin,Bueno,val
casa_0885.jpg,Fachada_exterior,Regular,val
casa_0479.jpg,Bano,Regular,val
casa_0421.jpg,Bano,Excelente,val
casa_1046.jpg,Lavanderia,Bueno,val
casa_0363.jpg,Dormitorio_secundario,Bueno,val
casa_0442.jpg,Bano,Bueno,val
casa_0675.jpg,Garage,Regular,val
casa_0100.jpg,Sala,Regular,val
casa_1098.jpg,Lavanderia,Regular,val
casa_0195.jpg,Cocina,Regular,val
casa_0417.jpg,Bano,Excelente,val
casa_0827.jpg,Fachada_exterior,Excelente,val
casa_1010.jpg,Lavanderia,Excelente,val
casa_0804.jpg,Fachada_exterior,Excelente,val
casa_0249.jpg,Dormitorio_principal,Bueno,val
casa_0485.jpg,Bano,Regular,val
casa_0591.jpg,Comedor,Regular,val
casa_0585.jpg,Comedor,Regular,val
casa_0904.jpg,Pasillo,Excelente,val
casa_0958.jpg,Pasillo,Bueno,val
casa_1153.jpg,Terraza,Bueno,val
casa_1119.jpg,Terraza,Excelente,val
casa_1128.jpg,Terraza,Excelente,val
casa_0220.jpg,Dormitorio_principal,Excelente,val
casa_0498.jpg,Bano,Regular,val
casa_0686.jpg,Garage,Regular,val
casa_1110.jpg,Terraza,Excelente,test
casa_0244.jpg,Dormitorio_principal,Bueno,test
casa_0527.jpg,Comedor,Excelente,test
casa_1030.jpg,Lavanderia,Excelente,test
casa_0677.jpg,Garage,Regular,test
casa_0065.jpg,Sala,Bueno,test
casa_0139.jpg,Cocina,Bueno,test
casa_0469.jpg,Bano,Regular,test
casa_0121.jpg,Cocina,Excelente,test
casa_0146.jpg,Cocina,Bueno,test
casa_0015.jpg,Sala,Excelente,test
casa_1179.jpg,Terraza,Regular,test
casa_0472.jpg,Bano,Regular,test
casa_0044.jpg,Sala,Bueno,test
casa_0693.jpg,Garage,Regular,test
casa_0132.jpg,Cocina,Excelente,test
casa_0461.jpg,Bano,Bueno,test
casa_0508.jpg,Comedor,Excelente,test
casa_0248.jpg,Dormitorio_principal,Bueno,test
casa_0925.jpg,Pasillo,Excelente,test
casa_0898.jpg,Fachada_exterior,Regular,test
casa_0765.jpg,Jardin,Bueno,test
casa_1105.jpg,Terraza,Excelente,test
casa_0639.jpg,Garage,Bueno,test
casa_0412.jpg,Bano,Excelente,test
casa_0434.jpg,Bano,Excelente,test
casa_0867.jpg,Fachada_exterior,Bueno,test
casa_1111.jpg,Terraza,Excelente,test
casa_0339.jpg,Dormitorio_secundario,Bueno,test
casa_0974.jpg,Pasillo,Regular,test
casa_0263.jpg,Dormitorio_principal,Bueno,test
casa_0258.jpg,Dormitorio_principal,Bueno,test
casa_0142.jpg,Cocina,Bueno,test
casa_0996.jpg,Pasillo,Regular,test
casa_0176.jpg,Cocina,Regular,test
casa_1156.jpg,Terraza,Bueno,test
casa_0494.jpg,Bano,Regular,test
casa_0119.jpg,Cocina,Excelente,test
casa_0491.jpg,Bano,Regular,test
casa_0630.jpg,Garage,Excelente,test
casa_0744.jpg,Jardin,Bueno,test
casa_0230.jpg,Dormitorio_principal,Excelente,test
casa_0040.jpg,Sala,Bueno,test
casa_1001.jpg,Lavanderia,Excelente,test
casa_0664.jpg,Garage,Bueno,test
casa_0002.jpg,Sala,Excelente,test
casa_0331.jpg,Dormitorio_secundario,Excelente,test
casa_0766.jpg,Jardin,Bueno,test
casa_1096.jpg,Lavanderia,Regular,test
casa_1182.jpg,Terraza,Regular,test
casa_1074.jpg,Lavanderia,Regular,test
casa_0612.jpg,Garage,Excelente,test
casa_0218.jpg,Dormitorio_principal,Excelente,test
casa_1040.jpg,Lavanderia,Bueno,test
casa_0366.jpg,Dormitorio_secundario,Bueno,test
casa_1026.jpg,Lavanderia,Excelente,test
casa_0540.jpg,Comedor,Bueno,test
casa_0007.jpg,Sala,Excelente,test
casa_0930.jpg,Pasillo,Excelente,test
casa_0324.jpg,Dormitorio_secundario,Excelente,test
casa_0891.jpg,Fachada_exterior,Regular,test
casa_0602.jpg,Garage,Excelente,test
casa_1200.jpg,Terraza,Regular,test
casa_1173.jpg,Terraza,Regular,test
casa_1136.jpg,Terraza,Bueno,test
casa_0235.jpg,Dormitorio_principal,Bueno,test
casa_0024.jpg,Sala,Excelente,test
casa_0515.jpg,Comedor,Excelente,test
casa_1084.jpg,Lavanderia,Regular,test
casa_0959.jpg,Pasillo,Bueno,test
casa_0782.jpg,Jardin,Regular,test
casa_0789.jpg,Jardin,Regular,test
casa_0131.jpg,Cocina,Excelente,test
casa_1191.jpg,Terraza,Regular,test
casa_0328.jpg,Dormitorio_secundario,Excelente,test
casa_0314.jpg,Dormitorio_secundario,Excelente,test
casa_0225.jpg,Dormitorio_principal,Excelente,test
casa_0097.jpg,Sala,Regular,test
casa_0187.jpg,Cocina,Regular,test
casa_1011.jpg,Lavanderia,Excelente,test
casa_1044.jpg,Lavanderia,Bueno,test
casa_0284.jpg,Dormitorio_principal,Regular,test
casa_1127.jpg,Terraza,Excelente,test
casa_0742.jpg,Jardin,Bueno,test
casa_0818.jpg,Fachada_exterior,Excelente,test
casa_0878.jpg,Fachada_exterior,Regular,test
casa_0539.jpg,Comedor,Bueno,test
casa_1104.jpg,Terraza,Excelente,test
casa_0506.jpg,Comedor,Excelente,test
casa_1195.jpg,Terraza,Regular,test
casa_0543.jpg,Comedor,Bueno,test
casa_0293.jpg,Dormitorio_principal,Regular,test
casa_0940.jpg,Pasillo,Bueno,test
casa_0811.jpg,Fachada_exterior,Excelente,test
casa_1023.jpg,Lavanderia,Excelente,test
casa_0436.jpg,Bano,Bueno,test
casa_0645.jpg,Garage,Bueno,test
casa_0433.jpg,Bano,Excelente,test
casa_0136.jpg,Cocina,Bueno,test
casa_0549.jpg,Comedor,Bueno,test
casa_0822.jpg,Fachada_exterior,Excelente,test
casa_0647.jpg,Garage,Bueno,test
casa_1190.jpg,Terraza,Regular,test
casa_0470.jpg,Bano,Regular,test
casa_0115.jpg,Cocina,Excelente,test
casa_0665.jpg,Garage,Bueno,test
casa_0450.jpg,Bano,Bueno,test
casa_0553.jpg,Comedor,Bueno,test
casa_0778.jpg,Jardin,Regular,test
casa_0947.jpg,Pasillo,Bueno,test
casa_0335.jpg,Dormitorio_secundario,Bueno,test
casa_1197.jpg,Terraza,Regular,test
casa_1094.jpg,Lavanderia,Regular,test
casa_0351.jpg,Dormitorio_secundario,Bueno,test
casa_0147.jpg,Cocina,Bueno,test
casa_0547.jpg,Comedor,Bueno,test
casa_0430.jpg,Bano,Excelente,test
casa_0728.jpg,Jardin,Excelente,test
casa_0759.jpg,Jardin,Bueno,test
casa_0334.jpg,Dormitorio_secundario,Excelente,test
casa_0748.jpg,Jardin,Bueno,test
casa_0929.jpg,Pasillo,Excelente,test
casa_1172.jpg,Terraza,Regular,test
casa_1166.jpg,Terraza,Bueno,test
casa_0207.jpg,Dormitorio_principal,Excelente,test
casa_1186.jpg,Terraza,Regular,test
casa_0164.jpg,Cocina,Bueno,test
casa_0593.jpg,Comedor,Regular,test
casa_0467.jpg,Bano,Bueno,test
casa_0094.jpg,Sala,Regular,test
casa_0143.jpg,Cocina,Bueno,test
casa_0394.jpg,Dormitorio_secundario,Regular,test
casa_0741.jpg,Jardin,Bueno,test
casa_0601.jpg,Garage,Excelente,test
casa_1131.jpg,Terraza,Excelente,test
casa_0162.jpg,Cocina,Bueno,test
casa_0776.jpg,Jardin,Regular,test
casa_0256.jpg,Dormitorio_principal,Bueno,test
casa_1099.jpg,Lavanderia,Regular,test
casa_0941.jpg,Pasillo,Bueno,test
casa_0089.jpg,Sala,Regular,test
casa_0542.jpg,Comedor,Bueno,test
casa_0705.jpg,Jardin,Excelente,test
casa_0736.jpg,Jardin,Bueno,test
casa_0199.jpg,Cocina,Regular,test
casa_0779.jpg,Jardin,Regular,test
casa_0190.jpg,Cocina,Regular,test
casa_1194.jpg,Terraza,Regular,test
casa_0690.jpg,Garage,Regular,test
casa_0441.jpg,Bano,Bueno,test
casa_0319.jpg,Dormitorio_secundario,Excelente,test
casa_1177.jpg,Terraza,Regular,test
casa_0697.jpg,Garage,Regular,test
casa_0866.jpg,Fachada_exterior,Bueno,test
casa_0327.jpg,Dormitorio_secundario,Excelente,test
casa_0014.jpg,Sala,Excelente,test
casa_0570.jpg,Comedor,Regular,test
casa_0920.jpg,Pasillo,Excelente,test
casa_0452.jpg,Bano,Bueno,test
casa_0860.jpg,Fachada_exterior,Bueno,test
casa_1193.jpg,Terraza,Regular,test
casa_0408.jpg,Bano,Excelente,test
casa_1150.jpg,Terraza,Bueno,test
casa_0055.jpg,Sala,Bueno,test
casa_1035.jpg,Lavanderia,Bueno,test
casa_0477.jpg,Bano,Regular,test
casa_0448.jpg,Bano,Bueno,test
casa_0192.jpg,Cocina,Regular,test
casa_0062.jpg,Sala,Bueno,test
casa_0066.jpg,Sala,Bueno,test
casa_0865.jpg,Fachada_exterior,Bueno,test
casa_0179.jpg,Cocina,Regular,test
casa_1117.jpg,Terraza,Excelente,test
casa_0210.jpg,Dormitorio_principal,Excelente,test
casa_0286.jpg,Dormitorio_principal,Regular,test
casa_0458.jpg,Bano,Bueno,test
casa_0502.jpg,Comedor,Excelente,test
casa_0564.jpg,Comedor,Bueno,test
casa_0052.jpg,Sala,Bueno,test
casa_0229.jpg,Dormitorio_principal,Excelente,test
